AAAA,37.1838
AAAC,36.4012
AAAG,36.4688
AAAT,37.045
AACA,34.8487
AACC,35.5525
AACG,35.065
AACT,35.9963
AAGA,32.5688
AAGC,32.2925
AAGG,32.3775
AAGT,33.24
AATA,32.9475
AATC,33.0413
AATG,32.7287
AATT,33.885
ACAA,35.4025
ACAC,35.0213
ACAG,34.885
ACAT,35.7075
ACCA,34.5388
ACCC,34.485
ACCG,34.295
ACCT,35.2275
ACGA,33.7275
ACGC,33.2675
ACGG,33.3225
ACGT,34.4125
ACTA,31.7862
ACTC,31.9325
ACTG,31.5663
ACTT,33.24
AGAA,36.5513
AGAC,36.2725
AGAG,35.6462
AGAT,36.8
AGCA,36.7925
AGCC,37.3663
AGCG,36.8187
AGCT,37.6875
AGGA,34.4138
AGGC,34.075
AGGG,34.0113
AGGT,35.2275
AGTA,34.7575
AGTC,34.965
AGTG,34.4338
AGTT,35.9963
ATAA,34.73
ATAC,34.5738
ATAG,34.835
ATAT,35.0225
ATCA,35.7263
ATCC,36.2675
ATCG,35.83
ATCT,36.8
ATGA,34.95
ATGC,34.8475
ATGG,34.7338
ATGT,35.7075
ATTA,35.5162
ATTC,35.8612
ATTG,35.1737
ATTT,37.045
CAAA,35.4062
CAAC,34.2263
CAAG,34.815
CAAT,35.1737
CACA,33.5375
CACC,34.1562
CACG,33.7888
CACT,34.4338
CAGA,31.2975
CAGC,31.165
CAGG,31.1838
CAGT,31.5663
CATA,31.6713
CATC,32.0463
CATG,31.725
CATT,32.7288
CCAA,34.5237
CCAC,34.27
CCAG,34.0987
CCAT,34.7338
CCCA,33.3462
CCCC,33.4913
CCCG,33.4637
CCCT,34.0112
CCGA,32.6375
CCGC,32.4525
CCGG,32.605
CCGT,33.3225
CCTA,31.4787
CCTC,31.4537
CCTG,31.1837
CCTT,32.3775
CGAA,35.5087
CGAC,35.5625
CGAG,35.205
CGAT,35.83
CGCA,35.5862
CGCC,36.3113
CGCG,35.7
CGCT,36.8188
CGGA,33.7287
CGGC,33.4075
CGGG,33.4637
CGGT,34.295
CGTA,33.9075
CGTC,34.2587
CGTG,33.7888
CGTT,35.065
CTAA,34.4925
CTAC,34.3675
CTAG,34.55
CTAT,34.835
CTCA,34.9125
CTCC,35.7837
CTCG,35.205
CTCT,35.6462
CTGA,34.305
CTGC,34.0888
CTGG,34.0987
CTGT,34.885
CTTA,34.8975
CTTC,35.0875
CTTG,34.815
CTTT,36.4688
GAAA,35.9725
GAAC,35.5513
GAAG,35.0875
GAAT,35.8612
GACA,34.145
GACC,34.75
GACG,34.2587
GACT,34.965
GAGA,31.5738
GAGC,31.4387
GAGG,31.4538
GAGT,31.9325
GATA,32.1763
GATC,32.5
GATG,32.0463
GATT,33.0412
GCAA,34.5475
GCAC,34.4487
GCAG,34.0887
GCAT,34.8475
GCCA,33.2888
GCCC,33.6875
GCCG,33.4075
GCCT,34.075
GCGA,32.6863
GCGC,32.4075
GCGG,32.4525
GCGT,33.2675
GCTA,31.3125
GCTC,31.4388
GCTG,31.165
GCTT,32.2925
GGAA,35.9988
GGAC,36.0262
GGAG,35.7837
GGAT,36.2675
GGCA,36.29
GGCC,36.785
GGCG,36.3113
GGCT,37.3663
GGGA,33.7325
GGGC,33.6875
GGGG,33.4912
GGGT,34.485
GGTA,34.5175
GGTC,34.75
GGTG,34.1562
GGTT,35.5525
GTAA,34.4438
GTAC,34.1925
GTAG,34.3675
GTAT,34.5738
GTCA,35.2312
GTCC,36.0262
GTCG,35.5625
GTCT,36.2725
GTGA,34.3813
GTGC,34.4487
GTGG,34.27
GTGT,35.0212
GTTA,35.1638
GTTC,35.5512
GTTG,34.2263
GTTT,36.4013
TAAA,35.7037
TAAC,35.1638
TAAG,34.8975
TAAT,35.5162
TACA,33.8087
TACC,34.5175
TACG,33.9075
TACT,34.7575
TAGA,31.4512
TAGC,31.3125
TAGG,31.4787
TAGT,31.7862
TATA,31.91
TATC,32.1763
TATG,31.6713
TATT,32.9475
TCAA,34.6137
TCAC,34.3812
TCAG,34.305
TCAT,34.95
TCCA,33.7462
TCCC,33.7325
TCCG,33.7287
TCCT,34.4138
TCGA,32.955
TCGC,32.6863
TCGG,32.6375
TCGT,33.7275
TCTA,31.4512
TCTC,31.5737
TCTG,31.2975
TCTT,32.5688
TGAA,35.0262
TGAC,35.2313
TGAG,34.9125
TGAT,35.7262
TGCA,35.5475
TGCC,36.29
TGCG,35.5862
TGCT,36.7925
TGGA,33.7463
TGGC,33.2887
TGGG,33.3463
TGGT,34.5388
TGTA,33.8087
TGTC,34.145
TGTG,33.5375
TGTT,34.8488
TTAA,34.57
TTAC,34.4438
TTAG,34.4925
TTAT,34.73
TTCA,35.0262
TTCC,35.9987
TTCG,35.5087
TTCT,36.5513
TTGA,34.6137
TTGC,34.5475
TTGG,34.5237
TTGT,35.4025
TTTA,35.7037
TTTC,35.9725
TTTG,35.4063
TTTT,37.1838
