AAAAA,-16.51
AAAAC,-14.47
AAAAG,-14.68
AAAAT,-14.89
AAACA,-13.05
AAACC,-12.41
AAACG,-13.15
AAACT,-12.78
AAAGA,-10.71
AAAGC,-10.58
AAAGG,-9.21
AAAGT,-11.68
AAATA,-12.63
AAATC,-12.27
AAATG,-11.76
AAATT,-14.95
AACAA,-10.17
AACAC,-9.4
AACAG,-9.26
AACAT,-10.22
AACCA,-8.86
AACCC,-7.68
AACCG,-7.97
AACCT,-8.15
AACGA,-9.62
AACGC,-9.91
AACGG,-10.04
AACGT,-10.39
AACTA,-6.07
AACTC,-5.23
AACTG,-5.42
AACTT,-6.26
AAGAA,-3.46
AAGAC,-3.82
AAGAG,-3.22
AAGAT,-3.55
AAGCA,-1.47
AAGCC,-1.55
AAGCG,-1.91
AAGCT,-1.56
AAGGA,-1.33
AAGGC,-1.5
AAGGG,-0.14
AAGGT,-1.48
AAGTA,-4.26
AAGTC,-4.07
AAGTG,-4.48
AAGTT,-6.26
AATAA,-9.65
AATAC,-10.45
AATAG,-11.61
AATAT,-10.43
AATCA,-9.91
AATCC,-9.67
AATCG,-9.51
AATCT,-10.31
AATGA,-9.02
AATGC,-9.59
AATGG,-8.98
AATGT,-10.82
AATTA,-12.2
AATTC,-11.18
AATTG,-11.93
AATTT,-14.95
ACAAA,-12.03
ACAAC,-11.7
ACAAG,-10.72
ACAAT,-11.94
ACACA,-9.33
ACACC,-8.57
ACACG,-9.43
ACACT,-8.48
ACAGA,-7
ACAGC,-7.34
ACAGG,-6.78
ACAGT,-8.12
ACATA,-8.52
ACATC,-8.65
ACATG,-10.15
ACATT,-10.82
ACCAA,-4.69
ACCAC,-5
ACCAG,-4.44
ACCAT,-4.33
ACCCA,-3.38
ACCCC,-2.37
ACCCG,-3.53
ACCCT,-2.62
ACCGA,-4.29
ACCGC,-4.55
ACCGG,-5.03
ACCGT,-4.79
ACCTA,-1.54
ACCTC,-0.88
ACCTG,-1.68
ACCTT,-1.48
ACGAA,-6.66
ACGAC,-6.61
ACGAG,-6.5
ACGAT,-6.85
ACGCA,-4.25
ACGCC,-3.63
ACGCG,-4.73
ACGCT,-3.93
ACGGA,-3.36
ACGGC,-3.97
ACGGG,-2.81
ACGGT,-4.79
ACGTA,-7.92
ACGTC,-7.92
ACGTG,-8.78
ACGTT,-10.39
ACTAA,-8.1
ACTAC,-8.16
ACTAG,-7.44
ACTAT,-8.26
ACTCA,-7.5
ACTCC,-6.75
ACTCG,-7.78
ACTCT,-7.83
ACTGA,-7.1
ACTGC,-7.79
ACTGG,-7.24
ACTGT,-8.12
ACTTA,-9.96
ACTTC,-8.83
ACTTG,-10.21
ACTTT,-11.68
AGAAA,-10.55
AGAAC,-10.59
AGAAG,-10.3
AGAAT,-10.15
AGACA,-8.49
AGACC,-8.04
AGACG,-8.81
AGACT,-7.81
AGAGA,-6.62
AGAGC,-6.5
AGAGG,-6.38
AGAGT,-7.83
AGATA,-8.23
AGATC,-8.23
AGATG,-7.85
AGATT,-10.31
AGCAA,-3.36
AGCAC,-3.79
AGCAG,-3.6
AGCAT,-3.68
AGCCA,-2.76
AGCCC,-2.48
AGCCG,-3.04
AGCCT,-2.34
AGCGA,-3.56
AGCGC,-3.87
AGCGG,-3.78
AGCGT,-3.93
AGCTA,-1.3
AGCTC,-0.83
AGCTG,-1.38
AGCTT,-1.56
AGGAA,-4.88
AGGAC,-5.39
AGGAG,-4.81
AGGAT,-5.29
AGGCA,-2.38
AGGCC,-2.2
AGGCG,-2.82
AGGCT,-2.34
AGGGA,-1.76
AGGGC,-1.88
AGGGG,-1.32
AGGGT,-2.62
AGGTA,-5.43
AGGTC,-5.67
AGGTG,-6.64
AGGTT,-8.15
AGTAA,-7.55
AGTAC,-8.16
AGTAG,-8.16
AGTAT,-8.21
AGTCA,-8.11
AGTCC,-7.34
AGTCG,-8.15
AGTCT,-7.81
AGTGA,-7.1
AGTGC,-7.68
AGTGG,-7.4
AGTGT,-8.48
AGTTA,-10.74
AGTTC,-10.45
AGTTG,-11.29
AGTTT,-12.78
ATAAA,-12.37
ATAAC,-10.51
ATAAG,-10.54
ATAAT,-11.27
ATACA,-8.93
ATACC,-8.36
ATACG,-9.05
ATACT,-8.21
ATAGA,-7.03
ATAGC,-6.84
ATAGG,-6.87
ATAGT,-8.26
ATATA,-8.95
ATATC,-8.3
ATATG,-8.33
ATATT,-10.43
ATCAA,-7.12
ATCAC,-6.53
ATCAG,-6.55
ATCAT,-6.15
ATCCA,-5.7
ATCCC,-4.91
ATCCG,-4.49
ATCCT,-5.29
ATCGA,-7.08
ATCGC,-6.96
ATCGG,-7.15
ATCGT,-6.85
ATCTA,-3.2
ATCTC,-2.78
ATCTG,-2.7
ATCTT,-3.55
ATGAA,-6.07
ATGAC,-6.37
ATGAG,-6.05
ATGAT,-6.15
ATGCA,-3.73
ATGCC,-3.12
ATGCG,-4.03
ATGCT,-3.68
ATGGA,-3.37
ATGGC,-3.12
ATGGG,-2.37
ATGGT,-4.33
ATGTA,-7.4
ATGTC,-7.1
ATGTG,-8.83
ATGTT,-10.22
ATTAA,-11.32
ATTAC,-11.34
ATTAG,-11.58
ATTAT,-11.27
ATTCA,-10.83
ATTCC,-9.61
ATTCG,-10.56
ATTCT,-10.15
ATTGA,-10.92
ATTGC,-10.6
ATTGG,-10.72
ATTGT,-11.94
ATTTA,-13.87
ATTTC,-12.09
ATTTG,-13.36
ATTTT,-14.89
CAAAA,-13.79
CAAAC,-13.1
CAAAG,-12.85
CAAAT,-13.36
CAACA,-11.69
CAACC,-4.14
CAACG,-11.71
CAACT,-11.29
CAAGA,-9.12
CAAGC,-8.63
CAAGG,-9.16
CAAGT,-10.21
CAATA,-9.7
CAATC,-10.33
CAATG,-10.42
CAATT,-11.93
CACAA,-8.23
CACAC,-8.16
CACAG,-8.12
CACAT,-8.83
CACCA,-7
CACCC,-5.89
CACCG,-6.56
CACCT,-6.64
CACGA,-7.95
CACGC,-7.98
CACGG,-8.46
CACGT,-8.78
CACTA,-4.24
CACTC,-3.31
CACTG,-4.52
CACTT,-4.48
CAGAA,-3.52
CAGAC,-3.97
CAGAG,-3.06
CAGAT,-2.7
CAGCA,-1.72
CAGCC,-1.2
CAGCG,-1.72
CAGCT,-1.38
CAGGA,-0.9
CAGGC,-1.28
CAGGG,-0.14
CAGGT,-1.68
CAGTA,-4.2
CAGTC,-3.96
CAGTG,-4.52
CAGTT,-5.42
CATAA,-8.06
CATAC,-8.42
CATAG,-8.2
CATAT,-8.33
CATCA,-8.13
CATCC,-7.65
CATCG,-8.32
CATCT,-7.85
CATGA,-9.26
CATGC,-9.43
CATGG,-9.01
CATGT,-10.15
CATTA,-10.52
CATTC,-9.43
CATTG,-10.42
CATTT,-11.76
CCAAA,-9.32
CCAAC,-9.8
CCAAG,-9.71
CCAAT,-10.72
CCACA,-7.33
CCACC,-7.11
CCACG,-7.87
CCACT,-7.4
CCAGA,-6.09
CCAGC,-5.87
CCAGG,-5.54
CCAGT,-7.24
CCATA,-6.69
CCATC,-7.48
CCATG,-9.01
CCATT,-8.98
CCCAA,-3.45
CCCAC,-2.94
CCCAG,-2.47
CCCAT,-2.37
CCCCA,-2.02
CCCCC,-1.03
CCCCG,-1.95
CCCCT,-1.32
CCCGA,-2.92
CCCGC,-2.75
CCCGG,-3.26
CCCGT,-2.81
CCCTA,-0.56
CCCTC,-0.03
CCCTG,-0.14
CCCTT,-0.14
CCGAA,-6.08
CCGAC,-6.74
CCGAG,-6.12
CCGAT,-7.15
CCGCA,-4.13
CCGCC,-3.13
CCGCG,-4.25
CCGCT,-3.78
CCGGA,-3.19
CCGGC,-3.58
CCGGG,-3.26
CCGGT,-5.03
CCGTA,-6.7
CCGTC,-7.15
CCGTG,-8.46
CCGTT,-10.04
CCTAA,-5.77
CCTAC,-6.19
CCTAG,-6.51
CCTAT,-6.87
CCTCA,-6.36
CCTCC,-5.75
CCTCG,-6.32
CCTCT,-6.38
CCTGA,-5.31
CCTGC,-5.92
CCTGG,-5.54
CCTGT,-6.78
CCTTA,-8.13
CCTTC,-7.38
CCTTG,-9.16
CCTTT,-9.21
CGAAA,-10.58
CGAAC,-10.48
CGAAG,-9.8
CGAAT,-10.56
CGACA,-8.25
CGACC,-8.09
CGACG,-8.49
CGACT,-8.15
CGAGA,-6.8
CGAGC,-6.78
CGAGG,-6.32
CGAGT,-7.78
CGATA,-7.63
CGATC,-7.79
CGATG,-8.32
CGATT,-9.51
CGCAA,-4.14
CGCAC,-4.13
CGCAG,-3.85
CGCAT,-4.03
CGCCA,-2.98
CGCCC,-2.89
CGCCG,-3.17
CGCCT,-2.82
CGCGA,-4.27
CGCGC,-4.22
CGCGG,-4.25
CGCGT,-4.73
CGCTA,-1.63
CGCTC,-1.32
CGCTG,-1.72
CGCTT,-1.91
CGGAA,-5.36
CGGAC,-6.07
CGGAG,-5.07
CGGAT,-4.49
CGGCA,-3.11
CGGCC,-2.72
CGGCG,-3.17
CGGCT,-3.04
CGGGA,-2.56
CGGGC,-2.73
CGGGG,-1.95
CGGGT,-3.53
CGGTA,-5.99
CGGTC,-5.99
CGGTG,-6.56
CGGTT,-7.97
CGTAA,-7.71
CGTAC,-8.84
CGTAG,-8.43
CGTAT,-9.05
CGTCA,-8.47
CGTCC,-8.11
CGTCG,-8.49
CGTCT,-8.81
CGTGA,-8.08
CGTGC,-8.4
CGTGG,-7.87
CGTGT,-9.43
CGTTA,-11.31
CGTTC,-11.06
CGTTG,-11.71
CGTTT,-13.15
CTAAA,-11.18
CTAAC,-10.65
CTAAG,-10.31
CTAAT,-11.58
CTACA,-8.6
CTACC,-8.07
CTACG,-8.43
CTACT,-8.16
CTAGA,-6.98
CTAGC,-6.54
CTAGG,-6.51
CTAGT,-7.44
CTATA,-7.69
CTATC,-8.88
CTATG,-8.2
CTATT,-11.61
CTCAA,-6.36
CTCAC,-6.5
CTCAG,-6.08
CTCAT,-6.05
CTCCA,-5.45
CTCCC,-4.6
CTCCG,-5.07
CTCCT,-4.81
CTCGA,-6.72
CTCGC,-6.31
CTCGG,-6.12
CTCGT,-6.5
CTCTA,-3.22
CTCTC,-2.54
CTCTG,-3.06
CTCTT,-3.22
CTGAA,-5.95
CTGAC,-6.43
CTGAG,-6.08
CTGAT,-6.55
CTGCA,-3.68
CTGCC,-3.2
CTGCG,-3.85
CTGCT,-3.6
CTGGA,-2.98
CTGGC,-3.34
CTGGG,-2.47
CTGGT,-4.44
CTGTA,-6.49
CTGTC,-6.88
CTGTG,-8.12
CTGTT,-9.26
CTTAA,-9.57
CTTAC,-10.31
CTTAG,-10.31
CTTAT,-10.54
CTTCA,-10.24
CTTCC,-9.44
CTTCG,-9.8
CTTCT,-10.3
CTTGA,-9.98
CTTGC,-9.9
CTTGG,-9.71
CTTGT,-10.72
CTTTA,-12.85
CTTTC,-11.93
CTTTG,-12.85
CTTTT,-14.68
GAAAA,-13.16
GAAAC,-12.76
GAAAG,-11.93
GAAAT,-12.09
GAACA,-10.91
GAACC,-10.08
GAACG,-11.06
GAACT,-10.45
GAAGA,-8.18
GAAGC,-8.01
GAAGG,-7.38
GAAGT,-8.83
GAATA,-10.01
GAATC,-9.46
GAATG,-9.43
GAATT,-11.18
GACAA,-7.48
GACAC,-7.25
GACAG,-6.88
GACAT,-7.1
GACCA,-6.17
GACCC,-5.33
GACCG,-5.99
GACCT,-5.67
GACGA,-7.11
GACGC,-7.38
GACGG,-7.15
GACGT,-7.92
GACTA,-3.9
GACTC,-3.11
GACTG,-3.96
GACTT,-4.07
GAGAA,-2.4
GAGAC,-3.46
GAGAG,-2.54
GAGAT,-2.78
GAGCA,-0.94
GAGCC,-0.53
GAGCG,-1.32
GAGCT,-0.83
GAGGA,-0.44
GAGGC,-0.7
GAGGG,-0.03
GAGGT,-0.88
GAGTA,-3.05
GAGTC,-3.11
GAGTG,-3.31
GAGTT,-5.23
GATAA,-7.66
GATAC,-8.06
GATAG,-8.88
GATAT,-8.3
GATCA,-7.81
GATCC,-7.56
GATCG,-7.79
GATCT,-8.23
GATGA,-7.37
GATGC,-7.6
GATGG,-7.48
GATGT,-8.65
GATTA,-10.25
GATTC,-9.46
GATTG,-10.33
GATTT,-12.27
GCAAA,-10.88
GCAAC,-10.75
GCAAG,-9.9
GCAAT,-10.6
GCACA,-8.3
GCACC,-7.89
GCACG,-8.4
GCACT,-7.68
GCAGA,-6.69
GCAGC,-6.76
GCAGG,-5.92
GCAGT,-7.79
GCATA,-8.11
GCATC,-7.6
GCATG,-9.43
GCATT,-9.59
GCCAA,-3.85
GCCAC,-4.03
GCCAG,-3.34
GCCAT,-3.12
GCCCA,-2.77
GCCCC,-2.13
GCCCG,-2.73
GCCCT,-1.88
GCCGA,-3.4
GCCGC,-3.73
GCCGG,-3.58
GCCGT,-3.97
GCCTA,-1.23
GCCTC,-0.7
GCCTG,-1.28
GCCTT,-1.5
GCGAA,-6.08
GCGAC,-6.9
GCGAG,-6.31
GCGAT,-6.96
GCGCA,-3.94
GCGCC,-3.39
GCGCG,-4.22
GCGCT,-3.87
GCGGA,-3.15
GCGGC,-3.73
GCGGG,-2.75
GCGGT,-4.55
GCGTA,-7.22
GCGTC,-7.38
GCGTG,-7.98
GCGTT,-9.91
GCTAA,-6.12
GCTAC,-6.96
GCTAG,-6.54
GCTAT,-6.84
GCTCA,-6.75
GCTCC,-6.07
GCTCG,-6.78
GCTCT,-6.5
GCTGA,-6.36
GCTGC,-6.76
GCTGG,-5.87
GCTGT,-7.34
GCTTA,-8.92
GCTTC,-8.01
GCTTG,-8.63
GCTTT,-10.58
GGAAA,-10.09
GGAAC,-9.91
GGAAG,-9.44
GGAAT,-9.61
GGACA,-7.71
GGACC,-7.55
GGACG,-8.11
GGACT,-7.34
GGAGA,-6.1
GGAGC,-6.07
GGAGG,-5.75
GGAGT,-6.75
GGATA,-7.47
GGATC,-7.56
GGATG,-7.65
GGATT,-9.67
GGCAA,-3.14
GGCAC,-3.41
GGCAG,-3.2
GGCAT,-3.12
GGCCA,-2.54
GGCCC,-1.93
GGCCG,-2.72
GGCCT,-2.2
GGCGA,-2.99
GGCGC,-3.39
GGCGG,-3.13
GGCGT,-3.63
GGCTA,-1.22
GGCTC,-0.53
GGCTG,-1.2
GGCTT,-1.55
GGGAA,-4.39
GGGAC,-5.28
GGGAG,-4.6
GGGAT,-4.91
GGGCA,-2.52
GGGCC,-1.93
GGGCG,-2.89
GGGCT,-2.48
GGGGA,-1.44
GGGGC,-2.13
GGGGG,-1.03
GGGGT,-2.37
GGGTA,-5.01
GGGTC,-5.33
GGGTG,-5.89
GGGTT,-7.68
GGTAA,-7.21
GGTAC,-8.12
GGTAG,-8.07
GGTAT,-8.36
GGTCA,-7.96
GGTCC,-7.55
GGTCG,-8.09
GGTCT,-8.04
GGTGA,-7.04
GGTGC,-7.89
GGTGG,-7.11
GGTGT,-8.57
GGTTA,-10.83
GGTTC,-10.08
GGTTG,-4.14
GGTTT,-12.41
GTAAA,-11.89
GTAAC,-10.83
GTAAG,-10.31
GTAAT,-11.34
GTACA,-8
GTACC,-8.12
GTACG,-8.84
GTACT,-8.16
GTAGA,-6.38
GTAGC,-6.96
GTAGG,-6.19
GTAGT,-8.16
GTATA,-7.88
GTATC,-8.06
GTATG,-8.42
GTATT,-10.45
GTCAA,-7.07
GTCAC,-6.82
GTCAG,-6.43
GTCAT,-6.37
GTCCA,-5.78
GTCCC,-5.28
GTCCG,-6.07
GTCCT,-5.39
GTCGA,-6.68
GTCGC,-6.9
GTCGG,-6.74
GTCGT,-6.61
GTCTA,-3.62
GTCTC,-3.46
GTCTG,-3.97
GTCTT,-3.82
GTGAA,-6.21
GTGAC,-6.82
GTGAG,-6.5
GTGAT,-6.53
GTGCA,-3.74
GTGCC,-3.41
GTGCG,-4.13
GTGCT,-3.79
GTGGA,-3.48
GTGGC,-4.03
GTGGG,-2.94
GTGGT,-5
GTGTA,-6.58
GTGTC,-7.25
GTGTG,-8.16
GTGTT,-9.4
GTTAA,-10.44
GTTAC,-10.83
GTTAG,-10.65
GTTAT,-10.51
GTTCA,-10.38
GTTCC,-9.91
GTTCG,-10.48
GTTCT,-10.59
GTTGA,-10.22
GTTGC,-10.75
GTTGG,-9.8
GTTGT,-11.7
GTTTA,-13.54
GTTTC,-12.76
GTTTG,-13.1
GTTTT,-14.47
TAAAA,-13.29
TAAAC,-13.54
TAAAG,-12.85
TAAAT,-13.87
TAACA,-11.35
TAACC,-10.83
TAACG,-11.31
TAACT,-10.74
TAAGA,-8.51
TAAGC,-8.92
TAAGG,-8.13
TAAGT,-9.96
TAATA,-9.98
TAATC,-10.25
TAATG,-10.52
TAATT,-12.2
TACAA,-7.17
TACAC,-6.58
TACAG,-6.49
TACAT,-7.4
TACCA,-5.96
TACCC,-5.01
TACCG,-5.99
TACCT,-5.43
TACGA,-6.48
TACGC,-7.22
TACGG,-6.7
TACGT,-7.92
TACTA,-3.97
TACTC,-3.05
TACTG,-4.2
TACTT,-4.26
TAGAA,-3.73
TAGAC,-3.62
TAGAG,-3.22
TAGAT,-3.2
TAGCA,-1.6
TAGCC,-1.22
TAGCG,-1.63
TAGCT,-1.3
TAGGA,-1.39
TAGGC,-1.23
TAGGG,-0.56
TAGGT,-1.54
TAGTA,-3.97
TAGTC,-3.9
TAGTG,-4.24
TAGTT,-6.07
TATAA,-7.14
TATAC,-7.88
TATAG,-7.69
TATAT,-8.95
TATCA,-7.32
TATCC,-7.47
TATCG,-7.63
TATCT,-8.23
TATGA,-7
TATGC,-8.11
TATGG,-6.69
TATGT,-8.52
TATTA,-9.98
TATTC,-10.01
TATTG,-9.7
TATTT,-12.63
TCAAA,-10.28
TCAAC,-10.22
TCAAG,-9.98
TCAAT,-10.92
TCACA,-7.82
TCACC,-7.04
TCACG,-8.08
TCACT,-7.1
TCAGA,-6.32
TCAGC,-6.36
TCAGG,-5.31
TCAGT,-7.1
TCATA,-7
TCATC,-7.37
TCATG,-9.26
TCATT,-9.02
TCCAA,-2.74
TCCAC,-3.48
TCCAG,-2.98
TCCAT,-3.37
TCCCA,-2.42
TCCCC,-1.44
TCCCG,-2.56
TCCCT,-1.76
TCCGA,-3.04
TCCGC,-3.15
TCCGG,-3.19
TCCGT,-3.36
TCCTA,-1.39
TCCTC,-0.44
TCCTG,-0.9
TCCTT,-1.33
TCGAA,-5.99
TCGAC,-6.68
TCGAG,-6.72
TCGAT,-7.08
TCGCA,-3.81
TCGCC,-2.99
TCGCG,-4.27
TCGCT,-3.56
TCGGA,-3.04
TCGGC,-3.4
TCGGG,-2.92
TCGGT,-4.29
TCGTA,-6.48
TCGTC,-7.11
TCGTG,-7.95
TCGTT,-9.62
TCTAA,-6.61
TCTAC,-6.38
TCTAG,-6.98
TCTAT,-7.03
TCTCA,-6.62
TCTCC,-6.1
TCTCG,-6.8
TCTCT,-6.62
TCTGA,-6.32
TCTGC,-6.69
TCTGG,-6.09
TCTGT,-7
TCTTA,-8.51
TCTTC,-8.18
TCTTG,-9.12
TCTTT,-10.71
TGAAA,-10.81
TGAAC,-10.38
TGAAG,-10.24
TGAAT,-10.83
TGACA,-8.28
TGACC,-7.96
TGACG,-8.47
TGACT,-8.11
TGAGA,-6.62
TGAGC,-6.75
TGAGG,-6.36
TGAGT,-7.5
TGATA,-7.32
TGATC,-7.81
TGATG,-8.13
TGATT,-9.91
TGCAA,-3.8
TGCAC,-3.74
TGCAG,-3.68
TGCAT,-3.73
TGCCA,-2.98
TGCCC,-2.52
TGCCG,-3.11
TGCCT,-2.38
TGCGA,-3.81
TGCGC,-3.94
TGCGG,-4.13
TGCGT,-4.25
TGCTA,-1.6
TGCTC,-0.94
TGCTG,-1.72
TGCTT,-1.47
TGGAA,-5.2
TGGAC,-5.78
TGGAG,-5.45
TGGAT,-5.7
TGGCA,-2.98
TGGCC,-2.54
TGGCG,-2.98
TGGCT,-2.76
TGGGA,-2.42
TGGGC,-2.77
TGGGG,-2.02
TGGGT,-3.38
TGGTA,-5.96
TGGTC,-6.17
TGGTG,-7
TGGTT,-8.86
TGTAA,-7.55
TGTAC,-8
TGTAG,-8.6
TGTAT,-8.93
TGTCA,-8.28
TGTCC,-7.71
TGTCG,-8.25
TGTCT,-8.49
TGTGA,-7.82
TGTGC,-8.3
TGTGG,-7.33
TGTGT,-9.33
TGTTA,-11.35
TGTTC,-10.91
TGTTG,-11.69
TGTTT,-13.05
TTAAA,-10.7
TTAAC,-10.44
TTAAG,-9.57
TTAAT,-11.32
TTACA,-7.55
TTACC,-7.21
TTACG,-7.71
TTACT,-7.55
TTAGA,-6.61
TTAGC,-6.12
TTAGG,-5.77
TTAGT,-8.1
TTATA,-7.14
TTATC,-7.66
TTATG,-8.06
TTATT,-9.65
TTCAA,-5.98
TTCAC,-6.21
TTCAG,-5.95
TTCAT,-6.07
TTCCA,-5.2
TTCCC,-4.39
TTCCG,-5.36
TTCCT,-4.88
TTCGA,-5.99
TTCGC,-6.08
TTCGG,-6.08
TTCGT,-6.66
TTCTA,-3.73
TTCTC,-2.4
TTCTG,-3.52
TTCTT,-3.46
TTGAA,-5.98
TTGAC,-7.07
TTGAG,-6.36
TTGAT,-7.12
TTGCA,-3.8
TTGCC,-3.14
TTGCG,-4.14
TTGCT,-3.36
TTGGA,-2.74
TTGGC,-3.85
TTGGG,-3.45
TTGGT,-4.69
TTGTA,-7.17
TTGTC,-7.48
TTGTG,-8.23
TTGTT,-10.17
TTTAA,-10.7
TTTAC,-11.89
TTTAG,-11.18
TTTAT,-12.37
TTTCA,-10.81
TTTCC,-10.09
TTTCG,-10.58
TTTCT,-10.55
TTTGA,-10.28
TTTGC,-10.88
TTTGG,-9.32
TTTGT,-12.03
TTTTA,-13.29
TTTTC,-13.16
TTTTG,-13.79
TTTTT,-16.51
