AAAA,-3.9225
AAAC,-3.52875
AAAG,-5.14
AAAT,-4.01375
AACA,-2.6175
AACC,-3.75875
AACG,-2.9725
AACT,-4.44625
AAGA,-2.40625
AAGC,-3.0075
AAGG,-3.73625
AAGT,-3.41
AATA,-4.84125
AATC,-5.15875
AATG,-5.47125
AATT,-6.3975
ACAA,6.085
ACAC,4.01125
ACAG,4.525
ACAT,5.41375
ACCA,-0.74125
ACCC,-1.53
ACCG,-0.725
ACCT,-2.2725
ACGA,5.015
ACGC,4.2475
ACGG,3.32
ACGT,5.355
ACTA,-2.02625
ACTC,-2.4025
ACTG,-1.645
ACTT,-3.41
AGAA,-0.95125
AGAC,-1.87375
AGAG,-1.20125
AGAT,-1.6275
AGCA,-2.28375
AGCC,-3.11125
AGCG,-2.105
AGCT,-3.1875
AGGA,-1.30375
AGGC,-2.14125
AGGG,-2.72625
AGGT,-2.2725
AGTA,-3.26625
AGTC,-3.595
AGTG,-3.3025
AGTT,-4.44625
ATAA,7.21875
ATAC,5.87
ATAG,5.18125
ATAT,6.7075
ATCA,-0.77375
ATCC,-1.34875
ATCG,-0.79125
ATCT,-1.6275
ATGA,4.88125
ATGC,4.46875
ATGG,3.795
ATGT,5.41375
ATTA,-2.25625
ATTC,-3.31625
ATTG,-2.51375
ATTT,-4.01375
CAAA,-2.87
CAAC,-2.90125
CAAG,-3.53
CAAT,-2.51375
CACA,-2.09875
CACC,-2.87
CACG,-2.415
CACT,-3.3025
CAGA,-1.845
CAGC,-2.20125
CAGG,-2.87875
CAGT,-1.645
CATA,-3.495
CATC,-4.45
CATG,-4.2525
CATT,-5.47125
CCAA,4.59375
CCAC,2.83125
CCAG,2.77375
CCAT,3.795
CCCA,-1.79125
CCCC,-2.20875
CCCG,-1.785
CCCT,-2.72625
CCGA,3.51875
CCGC,2.49625
CCGG,1.965
CCGT,3.32
CCTA,-2.60375
CCTC,-2.82875
CCTG,-2.87875
CCTT,-3.73625
CGAA,-0.30625
CGAC,-1.82625
CGAG,-1.2
CGAT,-0.79125
CGCA,-0.8475
CGCC,-1.83125
CGCG,-1.23
CGCT,-2.105
CGGA,-1.1675
CGGC,-1.3175
CGGG,-1.785
CGGT,-0.725
CGTA,-2.1625
CGTC,-2.58875
CGTG,-2.415
CGTT,-2.9725
CTAA,6.3975
CTAC,4.37125
CTAG,4.4425
CTAT,5.18125
CTCA,-1.0975
CTCC,-1.9625
CTCG,-1.2
CTCT,-1.20125
CTGA,4.53875
CTGC,3.56125
CTGG,2.77375
CTGT,4.525
CTTA,-3.4
CTTC,-3.69
CTTG,-3.53
CTTT,-5.14
GAAA,-2.775
GAAC,-3.34875
GAAG,-3.69
GAAT,-3.31625
GACA,-2.47625
GACC,-3.29
GACG,-2.58875
GACT,-3.595
GAGA,-2.04375
GAGC,-2.43875
GAGG,-2.82875
GAGT,-2.4025
GATA,-3.81
GATC,-4.745
GATG,-4.45
GATT,-5.15875
GCAA,4.27
GCAC,3.0275
GCAG,3.56125
GCAT,4.46875
GCCA,-1.705
GCCC,-1.94625
GCCG,-1.3175
GCCT,-2.14125
GCGA,4.13
GCGC,3.1
GCGG,2.49625
GCGT,4.2475
GCTA,-2.3975
GCTC,-2.43875
GCTG,-2.20125
GCTT,-3.0075
GGAA,-1.17875
GGAC,-2.115
GGAG,-1.9625
GGAT,-1.34875
GGCA,-1.78625
GGCC,-2.29
GGCG,-1.83125
GGCT,-3.11125
GGGA,-1.16
GGGC,-1.94625
GGGG,-2.20875
GGGT,-1.53
GGTA,-3.00375
GGTC,-3.29
GGTG,-2.87
GGTT,-3.75875
GTAA,5.75125
GTAC,4.55
GTAG,4.37125
GTAT,5.87
GTCA,-1.50125
GTCC,-2.115
GTCG,-1.82625
GTCT,-1.87375
GTGA,3.97125
GTGC,3.0275
GTGG,2.83125
GTGT,4.01125
GTTA,-2.91375
GTTC,-3.34875
GTTG,-2.90125
GTTT,-3.52875
TAAA,-1.575
TAAC,-2.91375
TAAG,-3.4
TAAT,-2.25625
TACA,-2.0925
TACC,-3.00375
TACG,-2.1625
TACT,-3.26625
TAGA,-1.58625
TAGC,-2.3975
TAGG,-2.60375
TAGT,-2.02625
TATA,-2.8825
TATC,-3.81
TATG,-3.495
TATT,-4.84125
TCAA,5.99875
TCAC,3.97125
TCAG,4.53875
TCAT,4.88125
TCCA,-0.6475
TCCC,-1.16
TCCG,-1.1675
TCCT,-1.30375
TCGA,5.435
TCGC,4.13
TCGG,3.51875
TCGT,5.015
TCTA,-1.58625
TCTC,-2.04375
TCTG,-1.845
TCTT,-2.40625
TGAA,0.31125
TGAC,-1.50125
TGAG,-1.0975
TGAT,-0.77375
TGCA,-0.9775
TGCC,-1.78625
TGCG,-0.8475
TGCT,-2.28375
TGGA,-0.6475
TGGC,-1.705
TGGG,-1.79125
TGGT,-0.74125
TGTA,-2.0925
TGTC,-2.47625
TGTG,-2.09875
TGTT,-2.6175
TTAA,7.03
TTAC,5.75125
TTAG,6.3975
TTAT,7.21875
TTCA,0.31125
TTCC,-1.17875
TTCG,-0.30625
TTCT,-0.95125
TTGA,5.99875
TTGC,4.27
TTGG,4.59375
TTGT,6.085
TTTA,-1.575
TTTC,-2.775
TTTG,-2.87
TTTT,-3.9225
